ID,Name,Age,Gender,Salary,Joining Date,Is Active,Comments
1,Paul_1,25,Female,90041.86,2017-01-31,False,Creative
2,Paul_2,31,Male,90285.02,2019-05-29,False,Needs Improvement
3,Rachel_3,30,Male,84321.65,2022-12-14,False,Hardworking
4,Bob_4,45,Male,68189.99,2023-09-05,True,Fast Learner
5,Eve_5,34,Male,35428.35,2018-05-19,True,Dedicated
6,Paul_6,25,Female,90041.86,2017-01-31,False,Creative
7,Paul_7,31,Male,90285.02,2019-05-29,False,Needs Improvement
8,Rachel_8,30,Male,84321.65,2022-12-14,False,Hardworking
9,Bob_9,45,Male,68189.99,2023-09-05,True,Fast Learner
10,Eve_10,34,Male,35428.35,2018-05-19,True,Dedicated
11,Paul_11,25,Female,90041.86,2017-01-31,False,Creative
12,Paul_12,31,Male,90285.02,2019-05-29,False,Needs Improvement
13,Rachel_13,30,Male,84321.65,2022-12-14,False,Hardworking
14,Bob_14,45,Male,68189.99,2023-09-05,True,Fast Learner
15,Eve_15,34,Male,35428.35,2018-05-19,True,Dedicated
16,Paul_16,25,Female,90041.86,2017-01-31,False,Creative
17,Paul_17,31,Male,90285.02,2019-05-29,False,Needs Improvement
18,Rachel_18,30,Male,84321.65,2022-12-14,False,Hardworking
19,Bob_19,45,Male,68189.99,2023-09-05,True,Fast Learner
20,Eve_20,34,Male,35428.35,2018-05-19,True,Dedicated
21,Paul_21,25,Female,90041.86,2017-01-31,False,Creative
22,Paul_22,31,Male,90285.02,2019-05-29,False,Needs Improvement
23,Rachel_23,30,Male,84321.65,2022-12-14,False,Hardworking
24,Bob_24,45,Male,68189.99,2023-09-05,True,Fast Learner
25,Eve_25,34,Male,35428.35,2018-05-19,True,Dedicated
26,Paul_26,25,Female,90041.86,2017-01-31,False,Creative
27,Paul_27,31,Male,90285.02,2019-05-29,False,Needs Improvement
28,Rachel_28,30,Male,84321.65,2022-12-14,False,Hardworking
29,Bob_29,45,Male,68189.99,2023-09-05,True,Fast Learner
30,Eve_30,34,Male,35428.35,2018-05-19,True,Dedicated
31,Paul_31,25,Female,90041.86,2017-01-31,False,Creative
32,Paul_32,31,Male,90285.02,2019-05-29,False,Needs Improvement
33,Rachel_33,30,Male,84321.65,2022-12-14,False,Hardworking
34,Bob_34,45,Male,68189.99,2023-09-05,True,Fast Learner
35,Eve_35,34,Male,35428.35,2018-05-19,True,Dedicated
36,Paul_36,25,Female,90041.86,2017-01-31,False,Creative
37,Paul_37,31,Male,90285.02,2019-05-29,False,Needs Improvement
38,Rachel_38,30,Male,84321.65,2022-12-14,False,Hardworking
39,Bob_39,45,Male,68189.99,2023-09-05,True,Fast Learner
40,Eve_40,34,Male,35428.35,2018-05-19,True,Dedicated
41,Paul_41,25,Female,90041.86,2017-01-31,False,Creative
42,Paul_42,31,Male,90285.02,2019-05-29,False,Needs Improvement
43,Rachel_43,30,Male,84321.65,2022-12-14,False,Hardworking
44,Bob_44,45,Male,68189.99,2023-09-05,True,Fast Learner
45,Eve_45,34,Male,35428.35,2018-05-19,True,Dedicated
46,Paul_46,25,Female,90041.86,2017-01-31,False,Creative
47,Paul_47,31,Male,90285.02,2019-05-29,False,Needs Improvement
48,Rachel_48,30,Male,84321.65,2022-12-14,False,Hardworking
49,Bob_49,45,Male,68189.99,2023-09-05,True,Fast Learner
50,Eve_50,34,Male,35428.35,2018-05-19,True,Dedicated
51,Paul_51,25,Female,90041.86,2017-01-31,False,Creative
52,Paul_52,31,Male,90285.02,2019-05-29,False,Needs Improvement
53,Rachel_53,30,Male,84321.65,2022-12-14,False,Hardworking
54,Bob_54,45,Male,68189.99,2023-09-05,True,Fast Learner
55,Eve_55,34,Male,35428.35,2018-05-19,True,Dedicated
56,Paul_56,25,Female,90041.86,2017-01-31,False,Creative
57,Paul_57,31,Male,90285.02,2019-05-29,False,Needs Improvement
58,Rachel_58,30,Male,84321.65,2022-12-14,False,Hardworking
59,Bob_59,45,Male,68189.99,2023-09-05,True,Fast Learner
60,Eve_60,34,Male,35428.35,2018-05-19,True,Dedicated
61,Paul_61,25,Female,90041.86,2017-01-31,False,Creative
62,Paul_62,31,Male,90285.02,2019-05-29,False,Needs Improvement
63,Rachel_63,30,Male,84321.65,2022-12-14,False,Hardworking
64,Bob_64,45,Male,68189.99,2023-09-05,True,Fast Learner
65,Eve_65,34,Male,35428.35,2018-05-19,True,Dedicated
66,Paul_66,25,Female,90041.86,2017-01-31,False,Creative
67,Paul_67,31,Male,90285.02,2019-05-29,False,Needs Improvement
68,Rachel_68,30,Male,84321.65,2022-12-14,False,Hardworking
69,Bob_69,45,Male,68189.99,2023-09-05,True,Fast Learner
70,Eve_70,34,Male,35428.35,2018-05-19,True,Dedicated
71,Paul_71,25,Female,90041.86,2017-01-31,False,Creative
72,Paul_72,31,Male,90285.02,2019-05-29,False,Needs Improvement
73,Rachel_73,30,Male,84321.65,2022-12-14,False,Hardworking
74,Bob_74,45,Male,68189.99,2023-09-05,True,Fast Learner
75,Eve_75,34,Male,35428.35,2018-05-19,True,Dedicated
76,Paul_76,25,Female,90041.86,2017-01-31,False,Creative
77,Paul_77,31,Male,90285.02,2019-05-29,False,Needs Improvement
78,Rachel_78,30,Male,84321.65,2022-12-14,False,Hardworking
79,Bob_79,45,Male,68189.99,2023-09-05,True,Fast Learner
80,Eve_80,34,Male,35428.35,2018-05-19,True,Dedicated
81,Paul_81,25,Female,90041.86,2017-01-31,False,Creative
82,Paul_82,31,Male,90285.02,2019-05-29,False,Needs Improvement
83,Rachel_83,30,Male,84321.65,2022-12-14,False,Hardworking
84,Bob_84,45,Male,68189.99,2023-09-05,True,Fast Learner
85,Eve_85,34,Male,35428.35,2018-05-19,True,Dedicated
86,Paul_86,25,Female,90041.86,2017-01-31,False,Creative
87,Paul_87,31,Male,90285.02,2019-05-29,False,Needs Improvement
88,Rachel_88,30,Male,84321.65,2022-12-14,False,Hardworking
89,Bob_89,45,Male,68189.99,2023-09-05,True,Fast Learner
90,Eve_90,34,Male,35428.35,2018-05-19,True,Dedicated
91,Paul_91,25,Female,90041.86,2017-01-31,False,Creative
92,Paul_92,31,Male,90285.02,2019-05-29,False,Needs Improvement
93,Rachel_93,30,Male,84321.65,2022-12-14,False,Hardworking
94,Bob_94,45,Male,68189.99,2023-09-05,True,Fast Learner
95,Eve_95,34,Male,35428.35,2018-05-19,True,Dedicated
96,Paul_96,25,Female,90041.86,2017-01-31,False,Creative
97,Paul_97,31,Male,90285.02,2019-05-29,False,Needs Improvement
98,Rachel_98,30,Male,84321.65,2022-12-14,False,Hardworking
99,Bob_99,45,Male,68189.99,2023-09-05,True,Fast Learner
100,Eve_100,34,Male,35428.35,2018-05-19,True,Dedicated
101,Paul_101,25,Female,90041.86,2017-01-31,False,Creative
102,Paul_102,31,Male,90285.02,2019-05-29,False,Needs Improvement
103,Rachel_103,30,Male,84321.65,2022-12-14,False,Hardworking
104,Bob_104,45,Male,68189.99,2023-09-05,True,Fast Learner
105,Eve_105,34,Male,35428.35,2018-05-19,True,Dedicated
106,Paul_106,25,Female,90041.86,2017-01-31,False,Creative
107,Paul_107,31,Male,90285.02,2019-05-29,False,Needs Improvement
108,Rachel_108,30,Male,84321.65,2022-12-14,False,Hardworking
109,Bob_109,45,Male,68189.99,2023-09-05,True,Fast Learner
110,Eve_110,34,Male,35428.35,2018-05-19,True,Dedicated
111,Paul_111,25,Female,90041.86,2017-01-31,False,Creative
112,Paul_112,31,Male,90285.02,2019-05-29,False,Needs Improvement
113,Rachel_113,30,Male,84321.65,2022-12-14,False,Hardworking
114,Bob_114,45,Male,68189.99,2023-09-05,True,Fast Learner
115,Eve_115,34,Male,35428.35,2018-05-19,True,Dedicated
116,Paul_116,25,Female,90041.86,2017-01-31,False,Creative
117,Paul_117,31,Male,90285.02,2019-05-29,False,Needs Improvement
118,Rachel_118,30,Male,84321.65,2022-12-14,False,Hardworking
119,Bob_119,45,Male,68189.99,2023-09-05,True,Fast Learner
120,Eve_120,34,Male,35428.35,2018-05-19,True,Dedicated
121,Paul_121,25,Female,90041.86,2017-01-31,False,Creative
122,Paul_122,31,Male,90285.02,2019-05-29,False,Needs Improvement
123,Rachel_123,30,Male,84321.65,2022-12-14,False,Hardworking
124,Bob_124,45,Male,68189.99,2023-09-05,True,Fast Learner
125,Eve_125,34,Male,35428.35,2018-05-19,True,Dedicated
126,Paul_126,25,Female,90041.86,2017-01-31,False,Creative
127,Paul_127,31,Male,90285.02,2019-05-29,False,Needs Improvement
128,Rachel_128,30,Male,84321.65,2022-12-14,False,Hardworking
129,Bob_129,45,Male,68189.99,2023-09-05,True,Fast Learner
130,Eve_130,34,Male,35428.35,2018-05-19,True,Dedicated
131,Paul_131,25,Female,90041.86,2017-01-31,False,Creative
132,Paul_132,31,Male,90285.02,2019-05-29,False,Needs Improvement
133,Rachel_133,30,Male,84321.65,2022-12-14,False,Hardworking
134,Bob_134,45,Male,68189.99,2023-09-05,True,Fast Learner
135,Eve_135,34,Male,35428.35,2018-05-19,True,Dedicated
136,Paul_136,25,Female,90041.86,2017-01-31,False,Creative
137,Paul_137,31,Male,90285.02,2019-05-29,False,Needs Improvement
138,Rachel_138,30,Male,84321.65,2022-12-14,False,Hardworking
139,Bob_139,45,Male,68189.99,2023-09-05,True,Fast Learner
140,Eve_140,34,Male,35428.35,2018-05-19,True,Dedicated
141,Paul_141,25,Female,90041.86,2017-01-31,False,Creative
142,Paul_142,31,Male,90285.02,2019-05-29,False,Needs Improvement
143,Rachel_143,30,Male,84321.65,2022-12-14,False,Hardworking
144,Bob_144,45,Male,68189.99,2023-09-05,True,Fast Learner
145,Eve_145,34,Male,35428.35,2018-05-19,True,Dedicated
146,Paul_146,25,Female,90041.86,2017-01-31,False,Creative
147,Paul_147,31,Male,90285.02,2019-05-29,False,Needs Improvement
148,Rachel_148,30,Male,84321.65,2022-12-14,False,Hardworking
149,Bob_149,45,Male,68189.99,2023-09-05,True,Fast Learner
150,Eve_150,34,Male,35428.35,2018-05-19,True,Dedicated
151,Paul_151,25,Female,90041.86,2017-01-31,False,Creative
152,Paul_152,31,Male,90285.02,2019-05-29,False,Needs Improvement
153,Rachel_153,30,Male,84321.65,2022-12-14,False,Hardworking
154,Bob_154,45,Male,68189.99,2023-09-05,True,Fast Learner
155,Eve_155,34,Male,35428.35,2018-05-19,True,Dedicated
156,Paul_156,25,Female,90041.86,2017-01-31,False,Creative
157,Paul_157,31,Male,90285.02,2019-05-29,False,Needs Improvement
158,Rachel_158,30,Male,84321.65,2022-12-14,False,Hardworking
159,Bob_159,45,Male,68189.99,2023-09-05,True,Fast Learner
160,Eve_160,34,Male,35428.35,2018-05-19,True,Dedicated
161,Paul_161,25,Female,90041.86,2017-01-31,False,Creative
162,Paul_162,31,Male,90285.02,2019-05-29,False,Needs Improvement
163,Rachel_163,30,Male,84321.65,2022-12-14,False,Hardworking
164,Bob_164,45,Male,68189.99,2023-09-05,True,Fast Learner
165,Eve_165,34,Male,35428.35,2018-05-19,True,Dedicated
166,Paul_166,25,Female,90041.86,2017-01-31,False,Creative
167,Paul_167,31,Male,90285.02,2019-05-29,False,Needs Improvement
168,Rachel_168,30,Male,84321.65,2022-12-14,False,Hardworking
169,Bob_169,45,Male,68189.99,2023-09-05,True,Fast Learner
170,Eve_170,34,Male,35428.35,2018-05-19,True,Dedicated
171,Paul_171,25,Female,90041.86,2017-01-31,False,Creative
172,Paul_172,31,Male,90285.02,2019-05-29,False,Needs Improvement
173,Rachel_173,30,Male,84321.65,2022-12-14,False,Hardworking
174,Bob_174,45,Male,68189.99,2023-09-05,True,Fast Learner
175,Eve_175,34,Male,35428.35,2018-05-19,True,Dedicated
176,Paul_176,25,Female,90041.86,2017-01-31,False,Creative
177,Paul_177,31,Male,90285.02,2019-05-29,False,Needs Improvement
178,Rachel_178,30,Male,84321.65,2022-12-14,False,Hardworking
179,Bob_179,45,Male,68189.99,2023-09-05,True,Fast Learner
180,Eve_180,34,Male,35428.35,2018-05-19,True,Dedicated
181,Paul_181,25,Female,90041.86,2017-01-31,False,Creative
182,Paul_182,31,Male,90285.02,2019-05-29,False,Needs Improvement
183,Rachel_183,30,Male,84321.65,2022-12-14,False,Hardworking
184,Bob_184,45,Male,68189.99,2023-09-05,True,Fast Learner
185,Eve_185,34,Male,35428.35,2018-05-19,True,Dedicated
186,Paul_186,25,Female,90041.86,2017-01-31,False,Creative
187,Paul_187,31,Male,90285.02,2019-05-29,False,Needs Improvement
188,Rachel_188,30,Male,84321.65,2022-12-14,False,Hardworking
189,Bob_189,45,Male,68189.99,2023-09-05,True,Fast Learner
190,Eve_190,34,Male,35428.35,2018-05-19,True,Dedicated
191,Paul_191,25,Female,90041.86,2017-01-31,False,Creative
192,Paul_192,31,Male,90285.02,2019-05-29,False,Needs Improvement
193,Rachel_193,30,Male,84321.65,2022-12-14,False,Hardworking
194,Bob_194,45,Male,68189.99,2023-09-05,True,Fast Learner
195,Eve_195,34,Male,35428.35,2018-05-19,True,Dedicated
196,Paul_196,25,Female,90041.86,2017-01-31,False,Creative
197,Paul_197,31,Male,90285.02,2019-05-29,False,Needs Improvement
198,Rachel_198,30,Male,84321.65,2022-12-14,False,Hardworking
199,Bob_199,45,Male,68189.99,2023-09-05,True,Fast Learner
200,Eve_200,34,Male,35428.35,2018-05-19,True,Dedicated
201,Paul_201,25,Female,90041.86,2017-01-31,False,Creative
202,Paul_202,31,Male,90285.02,2019-05-29,False,Needs Improvement
203,Rachel_203,30,Male,84321.65,2022-12-14,False,Hardworking
204,Bob_204,45,Male,68189.99,2023-09-05,True,Fast Learner
205,Eve_205,34,Male,35428.35,2018-05-19,True,Dedicated
206,Paul_206,25,Female,90041.86,2017-01-31,False,Creative
207,Paul_207,31,Male,90285.02,2019-05-29,False,Needs Improvement
208,Rachel_208,30,Male,84321.65,2022-12-14,False,Hardworking
209,Bob_209,45,Male,68189.99,2023-09-05,True,Fast Learner
210,Eve_210,34,Male,35428.35,2018-05-19,True,Dedicated
211,Paul_211,25,Female,90041.86,2017-01-31,False,Creative
212,Paul_212,31,Male,90285.02,2019-05-29,False,Needs Improvement
213,Rachel_213,30,Male,84321.65,2022-12-14,False,Hardworking
214,Bob_214,45,Male,68189.99,2023-09-05,True,Fast Learner
215,Eve_215,34,Male,35428.35,2018-05-19,True,Dedicated
216,Paul_216,25,Female,90041.86,2017-01-31,False,Creative
217,Paul_217,31,Male,90285.02,2019-05-29,False,Needs Improvement
218,Rachel_218,30,Male,84321.65,2022-12-14,False,Hardworking
219,Bob_219,45,Male,68189.99,2023-09-05,True,Fast Learner
220,Eve_220,34,Male,35428.35,2018-05-19,True,Dedicated
221,Paul_221,25,Female,90041.86,2017-01-31,False,Creative
222,Paul_222,31,Male,90285.02,2019-05-29,False,Needs Improvement
223,Rachel_223,30,Male,84321.65,2022-12-14,False,Hardworking
224,Bob_224,45,Male,68189.99,2023-09-05,True,Fast Learner
225,Eve_225,34,Male,35428.35,2018-05-19,True,Dedicated
226,Paul_226,25,Female,90041.86,2017-01-31,False,Creative
227,Paul_227,31,Male,90285.02,2019-05-29,False,Needs Improvement
228,Rachel_228,30,Male,84321.65,2022-12-14,False,Hardworking
229,Bob_229,45,Male,68189.99,2023-09-05,True,Fast Learner
230,Eve_230,34,Male,35428.35,2018-05-19,True,Dedicated
231,Paul_231,25,Female,90041.86,2017-01-31,False,Creative
232,Paul_232,31,Male,90285.02,2019-05-29,False,Needs Improvement
233,Rachel_233,30,Male,84321.65,2022-12-14,False,Hardworking
234,Bob_234,45,Male,68189.99,2023-09-05,True,Fast Learner
235,Eve_235,34,Male,35428.35,2018-05-19,True,Dedicated
236,Paul_236,25,Female,90041.86,2017-01-31,False,Creative
237,Paul_237,31,Male,90285.02,2019-05-29,False,Needs Improvement
238,Rachel_238,30,Male,84321.65,2022-12-14,False,Hardworking
239,Bob_239,45,Male,68189.99,2023-09-05,True,Fast Learner
240,Eve_240,34,Male,35428.35,2018-05-19,True,Dedicated
241,Paul_241,25,Female,90041.86,2017-01-31,False,Creative
242,Paul_242,31,Male,90285.02,2019-05-29,False,Needs Improvement
243,Rachel_243,30,Male,84321.65,2022-12-14,False,Hardworking
244,Bob_244,45,Male,68189.99,2023-09-05,True,Fast Learner
245,Eve_245,34,Male,35428.35,2018-05-19,True,Dedicated
246,Paul_246,25,Female,90041.86,2017-01-31,False,Creative
247,Paul_247,31,Male,90285.02,2019-05-29,False,Needs Improvement
248,Rachel_248,30,Male,84321.65,2022-12-14,False,Hardworking
249,Bob_249,45,Male,68189.99,2023-09-05,True,Fast Learner
250,Eve_250,34,Male,35428.35,2018-05-19,True,Dedicated
251,Paul_251,25,Female,90041.86,2017-01-31,False,Creative
252,Paul_252,31,Male,90285.02,2019-05-29,False,Needs Improvement
253,Rachel_253,30,Male,84321.65,2022-12-14,False,Hardworking
254,Bob_254,45,Male,68189.99,2023-09-05,True,Fast Learner
255,Eve_255,34,Male,35428.35,2018-05-19,True,Dedicated
256,Paul_256,25,Female,90041.86,2017-01-31,False,Creative
257,Paul_257,31,Male,90285.02,2019-05-29,False,Needs Improvement
258,Rachel_258,30,Male,84321.65,2022-12-14,False,Hardworking
259,Bob_259,45,Male,68189.99,2023-09-05,True,Fast Learner
260,Eve_260,34,Male,35428.35,2018-05-19,True,Dedicated
261,Paul_261,25,Female,90041.86,2017-01-31,False,Creative
262,Paul_262,31,Male,90285.02,2019-05-29,False,Needs Improvement
263,Rachel_263,30,Male,84321.65,2022-12-14,False,Hardworking
264,Bob_264,45,Male,68189.99,2023-09-05,True,Fast Learner
265,Eve_265,34,Male,35428.35,2018-05-19,True,Dedicated
266,Paul_266,25,Female,90041.86,2017-01-31,False,Creative
267,Paul_267,31,Male,90285.02,2019-05-29,False,Needs Improvement
268,Rachel_268,30,Male,84321.65,2022-12-14,False,Hardworking
269,Bob_269,45,Male,68189.99,2023-09-05,True,Fast Learner
270,Eve_270,34,Male,35428.35,2018-05-19,True,Dedicated
271,Paul_271,25,Female,90041.86,2017-01-31,False,Creative
272,Paul_272,31,Male,90285.02,2019-05-29,False,Needs Improvement
273,Rachel_273,30,Male,84321.65,2022-12-14,False,Hardworking
274,Bob_274,45,Male,68189.99,2023-09-05,True,Fast Learner
275,Eve_275,34,Male,35428.35,2018-05-19,True,Dedicated
276,Paul_276,25,Female,90041.86,2017-01-31,False,Creative
277,Paul_277,31,Male,90285.02,2019-05-29,False,Needs Improvement
278,Rachel_278,30,Male,84321.65,2022-12-14,False,Hardworking
279,Bob_279,45,Male,68189.99,2023-09-05,True,Fast Learner
280,Eve_280,34,Male,35428.35,2018-05-19,True,Dedicated
281,Paul_281,25,Female,90041.86,2017-01-31,False,Creative
282,Paul_282,31,Male,90285.02,2019-05-29,False,Needs Improvement
283,Rachel_283,30,Male,84321.65,2022-12-14,False,Hardworking
284,Bob_284,45,Male,68189.99,2023-09-05,True,Fast Learner
285,Eve_285,34,Male,35428.35,2018-05-19,True,Dedicated
286,Paul_286,25,Female,90041.86,2017-01-31,False,Creative
287,Paul_287,31,Male,90285.02,2019-05-29,False,Needs Improvement
288,Rachel_288,30,Male,84321.65,2022-12-14,False,Hardworking
289,Bob_289,45,Male,68189.99,2023-09-05,True,Fast Learner
290,Eve_290,34,Male,35428.35,2018-05-19,True,Dedicated
291,Paul_291,25,Female,90041.86,2017-01-31,False,Creative
292,Paul_292,31,Male,90285.02,2019-05-29,False,Needs Improvement
293,Rachel_293,30,Male,84321.65,2022-12-14,False,Hardworking
294,Bob_294,45,Male,68189.99,2023-09-05,True,Fast Learner
295,Eve_295,34,Male,35428.35,2018-05-19,True,Dedicated
296,Paul_296,25,Female,90041.86,2017-01-31,False,Creative
297,Paul_297,31,Male,90285.02,2019-05-29,False,Needs Improvement
298,Rachel_298,30,Male,84321.65,2022-12-14,False,Hardworking
299,Bob_299,45,Male,68189.99,2023-09-05,True,Fast Learner
300,Eve_300,34,Male,35428.35,2018-05-19,True,Dedicated
301,Paul_301,25,Female,90041.86,2017-01-31,False,Creative
302,Paul_302,31,Male,90285.02,2019-05-29,False,Needs Improvement
303,Rachel_303,30,Male,84321.65,2022-12-14,False,Hardworking
304,Bob_304,45,Male,68189.99,2023-09-05,True,Fast Learner
305,Eve_305,34,Male,35428.35,2018-05-19,True,Dedicated
306,Paul_306,25,Female,90041.86,2017-01-31,False,Creative
307,Paul_307,31,Male,90285.02,2019-05-29,False,Needs Improvement
308,Rachel_308,30,Male,84321.65,2022-12-14,False,Hardworking
309,Bob_309,45,Male,68189.99,2023-09-05,True,Fast Learner
310,Eve_310,34,Male,35428.35,2018-05-19,True,Dedicated
311,Paul_311,25,Female,90041.86,2017-01-31,False,Creative
312,Paul_312,31,Male,90285.02,2019-05-29,False,Needs Improvement
313,Rachel_313,30,Male,84321.65,2022-12-14,False,Hardworking
314,Bob_314,45,Male,68189.99,2023-09-05,True,Fast Learner
315,Eve_315,34,Male,35428.35,2018-05-19,True,Dedicated
316,Paul_316,25,Female,90041.86,2017-01-31,False,Creative
317,Paul_317,31,Male,90285.02,2019-05-29,False,Needs Improvement
318,Rachel_318,30,Male,84321.65,2022-12-14,False,Hardworking
319,Bob_319,45,Male,68189.99,2023-09-05,True,Fast Learner
320,Eve_320,34,Male,35428.35,2018-05-19,True,Dedicated
321,Paul_321,25,Female,90041.86,2017-01-31,False,Creative
322,Paul_322,31,Male,90285.02,2019-05-29,False,Needs Improvement
323,Rachel_323,30,Male,84321.65,2022-12-14,False,Hardworking
324,Bob_324,45,Male,68189.99,2023-09-05,True,Fast Learner
325,Eve_325,34,Male,35428.35,2018-05-19,True,Dedicated
326,Paul_326,25,Female,90041.86,2017-01-31,False,Creative
327,Paul_327,31,Male,90285.02,2019-05-29,False,Needs Improvement
328,Rachel_328,30,Male,84321.65,2022-12-14,False,Hardworking
329,Bob_329,45,Male,68189.99,2023-09-05,True,Fast Learner
330,Eve_330,34,Male,35428.35,2018-05-19,True,Dedicated
331,Paul_331,25,Female,90041.86,2017-01-31,False,Creative
332,Paul_332,31,Male,90285.02,2019-05-29,False,Needs Improvement
333,Rachel_333,30,Male,84321.65,2022-12-14,False,Hardworking
334,Bob_334,45,Male,68189.99,2023-09-05,True,Fast Learner
335,Eve_335,34,Male,35428.35,2018-05-19,True,Dedicated
336,Paul_336,25,Female,90041.86,2017-01-31,False,Creative
337,Paul_337,31,Male,90285.02,2019-05-29,False,Needs Improvement
338,Rachel_338,30,Male,84321.65,2022-12-14,False,Hardworking
339,Bob_339,45,Male,68189.99,2023-09-05,True,Fast Learner
340,Eve_340,34,Male,35428.35,2018-05-19,True,Dedicated
341,Paul_341,25,Female,90041.86,2017-01-31,False,Creative
342,Paul_342,31,Male,90285.02,2019-05-29,False,Needs Improvement
343,Rachel_343,30,Male,84321.65,2022-12-14,False,Hardworking
344,Bob_344,45,Male,68189.99,2023-09-05,True,Fast Learner
345,Eve_345,34,Male,35428.35,2018-05-19,True,Dedicated
346,Paul_346,25,Female,90041.86,2017-01-31,False,Creative
347,Paul_347,31,Male,90285.02,2019-05-29,False,Needs Improvement
348,Rachel_348,30,Male,84321.65,2022-12-14,False,Hardworking
349,Bob_349,45,Male,68189.99,2023-09-05,True,Fast Learner
350,Eve_350,34,Male,35428.35,2018-05-19,True,Dedicated
351,Paul_351,25,Female,90041.86,2017-01-31,False,Creative
352,Paul_352,31,Male,90285.02,2019-05-29,False,Needs Improvement
353,Rachel_353,30,Male,84321.65,2022-12-14,False,Hardworking
354,Bob_354,45,Male,68189.99,2023-09-05,True,Fast Learner
355,Eve_355,34,Male,35428.35,2018-05-19,True,Dedicated
356,Paul_356,25,Female,90041.86,2017-01-31,False,Creative
357,Paul_357,31,Male,90285.02,2019-05-29,False,Needs Improvement
358,Rachel_358,30,Male,84321.65,2022-12-14,False,Hardworking
359,Bob_359,45,Male,68189.99,2023-09-05,True,Fast Learner
360,Eve_360,34,Male,35428.35,2018-05-19,True,Dedicated
361,Paul_361,25,Female,90041.86,2017-01-31,False,Creative
362,Paul_362,31,Male,90285.02,2019-05-29,False,Needs Improvement
363,Rachel_363,30,Male,84321.65,2022-12-14,False,Hardworking
364,Bob_364,45,Male,68189.99,2023-09-05,True,Fast Learner
365,Eve_365,34,Male,35428.35,2018-05-19,True,Dedicated
366,Paul_366,25,Female,90041.86,2017-01-31,False,Creative
367,Paul_367,31,Male,90285.02,2019-05-29,False,Needs Improvement
368,Rachel_368,30,Male,84321.65,2022-12-14,False,Hardworking
369,Bob_369,45,Male,68189.99,2023-09-05,True,Fast Learner
370,Eve_370,34,Male,35428.35,2018-05-19,True,Dedicated
371,Paul_371,25,Female,90041.86,2017-01-31,False,Creative
372,Paul_372,31,Male,90285.02,2019-05-29,False,Needs Improvement
373,Rachel_373,30,Male,84321.65,2022-12-14,False,Hardworking
374,Bob_374,45,Male,68189.99,2023-09-05,True,Fast Learner
375,Eve_375,34,Male,35428.35,2018-05-19,True,Dedicated
376,Paul_376,25,Female,90041.86,2017-01-31,False,Creative
377,Paul_377,31,Male,90285.02,2019-05-29,False,Needs Improvement
378,Rachel_378,30,Male,84321.65,2022-12-14,False,Hardworking
379,Bob_379,45,Male,68189.99,2023-09-05,True,Fast Learner
380,Eve_380,34,Male,35428.35,2018-05-19,True,Dedicated
381,Paul_381,25,Female,90041.86,2017-01-31,False,Creative
382,Paul_382,31,Male,90285.02,2019-05-29,False,Needs Improvement
383,Rachel_383,30,Male,84321.65,2022-12-14,False,Hardworking
384,Bob_384,45,Male,68189.99,2023-09-05,True,Fast Learner
385,Eve_385,34,Male,35428.35,2018-05-19,True,Dedicated
386,Paul_386,25,Female,90041.86,2017-01-31,False,Creative
387,Paul_387,31,Male,90285.02,2019-05-29,False,Needs Improvement
388,Rachel_388,30,Male,84321.65,2022-12-14,False,Hardworking
389,Bob_389,45,Male,68189.99,2023-09-05,True,Fast Learner
390,Eve_390,34,Male,35428.35,2018-05-19,True,Dedicated
391,Paul_391,25,Female,90041.86,2017-01-31,False,Creative
392,Paul_392,31,Male,90285.02,2019-05-29,False,Needs Improvement
393,Rachel_393,30,Male,84321.65,2022-12-14,False,Hardworking
394,Bob_394,45,Male,68189.99,2023-09-05,True,Fast Learner
395,Eve_395,34,Male,35428.35,2018-05-19,True,Dedicated
396,Paul_396,25,Female,90041.86,2017-01-31,False,Creative
397,Paul_397,31,Male,90285.02,2019-05-29,False,Needs Improvement
398,Rachel_398,30,Male,84321.65,2022-12-14,False,Hardworking
399,Bob_399,45,Male,68189.99,2023-09-05,True,Fast Learner
400,Eve_400,34,Male,35428.35,2018-05-19,True,Dedicated
401,Paul_401,25,Female,90041.86,2017-01-31,False,Creative
402,Paul_402,31,Male,90285.02,2019-05-29,False,Needs Improvement
403,Rachel_403,30,Male,84321.65,2022-12-14,False,Hardworking
404,Bob_404,45,Male,68189.99,2023-09-05,True,Fast Learner
405,Eve_405,34,Male,35428.35,2018-05-19,True,Dedicated
406,Paul_406,25,Female,90041.86,2017-01-31,False,Creative
407,Paul_407,31,Male,90285.02,2019-05-29,False,Needs Improvement
408,Rachel_408,30,Male,84321.65,2022-12-14,False,Hardworking
409,Bob_409,45,Male,68189.99,2023-09-05,True,Fast Learner
410,Eve_410,34,Male,35428.35,2018-05-19,True,Dedicated
411,Paul_411,25,Female,90041.86,2017-01-31,False,Creative
412,Paul_412,31,Male,90285.02,2019-05-29,False,Needs Improvement
413,Rachel_413,30,Male,84321.65,2022-12-14,False,Hardworking
414,Bob_414,45,Male,68189.99,2023-09-05,True,Fast Learner
415,Eve_415,34,Male,35428.35,2018-05-19,True,Dedicated
416,Paul_416,25,Female,90041.86,2017-01-31,False,Creative
417,Paul_417,31,Male,90285.02,2019-05-29,False,Needs Improvement
418,Rachel_418,30,Male,84321.65,2022-12-14,False,Hardworking
419,Bob_419,45,Male,68189.99,2023-09-05,True,Fast Learner
420,Eve_420,34,Male,35428.35,2018-05-19,True,Dedicated
421,Paul_421,25,Female,90041.86,2017-01-31,False,Creative
422,Paul_422,31,Male,90285.02,2019-05-29,False,Needs Improvement
423,Rachel_423,30,Male,84321.65,2022-12-14,False,Hardworking
424,Bob_424,45,Male,68189.99,2023-09-05,True,Fast Learner
425,Eve_425,34,Male,35428.35,2018-05-19,True,Dedicated
426,Paul_426,25,Female,90041.86,2017-01-31,False,Creative
427,Paul_427,31,Male,90285.02,2019-05-29,False,Needs Improvement
428,Rachel_428,30,Male,84321.65,2022-12-14,False,Hardworking
429,Bob_429,45,Male,68189.99,2023-09-05,True,Fast Learner
430,Eve_430,34,Male,35428.35,2018-05-19,True,Dedicated
431,Paul_431,25,Female,90041.86,2017-01-31,False,Creative
432,Paul_432,31,Male,90285.02,2019-05-29,False,Needs Improvement
433,Rachel_433,30,Male,84321.65,2022-12-14,False,Hardworking
434,Bob_434,45,Male,68189.99,2023-09-05,True,Fast Learner
435,Eve_435,34,Male,35428.35,2018-05-19,True,Dedicated
436,Paul_436,25,Female,90041.86,2017-01-31,False,Creative
437,Paul_437,31,Male,90285.02,2019-05-29,False,Needs Improvement
438,Rachel_438,30,Male,84321.65,2022-12-14,False,Hardworking
439,Bob_439,45,Male,68189.99,2023-09-05,True,Fast Learner
440,Eve_440,34,Male,35428.35,2018-05-19,True,Dedicated
441,Paul_441,25,Female,90041.86,2017-01-31,False,Creative
442,Paul_442,31,Male,90285.02,2019-05-29,False,Needs Improvement
443,Rachel_443,30,Male,84321.65,2022-12-14,False,Hardworking
444,Bob_444,45,Male,68189.99,2023-09-05,True,Fast Learner
445,Eve_445,34,Male,35428.35,2018-05-19,True,Dedicated
446,Paul_446,25,Female,90041.86,2017-01-31,False,Creative
447,Paul_447,31,Male,90285.02,2019-05-29,False,Needs Improvement
448,Rachel_448,30,Male,84321.65,2022-12-14,False,Hardworking
449,Bob_449,45,Male,68189.99,2023-09-05,True,Fast Learner
450,Eve_450,34,Male,35428.35,2018-05-19,True,Dedicated
451,Paul_451,25,Female,90041.86,2017-01-31,False,Creative
452,Paul_452,31,Male,90285.02,2019-05-29,False,Needs Improvement
453,Rachel_453,30,Male,84321.65,2022-12-14,False,Hardworking
454,Bob_454,45,Male,68189.99,2023-09-05,True,Fast Learner
455,Eve_455,34,Male,35428.35,2018-05-19,True,Dedicated
456,Paul_456,25,Female,90041.86,2017-01-31,False,Creative
457,Paul_457,31,Male,90285.02,2019-05-29,False,Needs Improvement
458,Rachel_458,30,Male,84321.65,2022-12-14,False,Hardworking
459,Bob_459,45,Male,68189.99,2023-09-05,True,Fast Learner
460,Eve_460,34,Male,35428.35,2018-05-19,True,Dedicated
461,Paul_461,25,Female,90041.86,2017-01-31,False,Creative
462,Paul_462,31,Male,90285.02,2019-05-29,False,Needs Improvement
463,Rachel_463,30,Male,84321.65,2022-12-14,False,Hardworking
464,Bob_464,45,Male,68189.99,2023-09-05,True,Fast Learner
465,Eve_465,34,Male,35428.35,2018-05-19,True,Dedicated
466,Paul_466,25,Female,90041.86,2017-01-31,False,Creative
467,Paul_467,31,Male,90285.02,2019-05-29,False,Needs Improvement
468,Rachel_468,30,Male,84321.65,2022-12-14,False,Hardworking
469,Bob_469,45,Male,68189.99,2023-09-05,True,Fast Learner
470,Eve_470,34,Male,35428.35,2018-05-19,True,Dedicated
471,Paul_471,25,Female,90041.86,2017-01-31,False,Creative
472,Paul_472,31,Male,90285.02,2019-05-29,False,Needs Improvement
473,Rachel_473,30,Male,84321.65,2022-12-14,False,Hardworking
474,Bob_474,45,Male,68189.99,2023-09-05,True,Fast Learner
475,Eve_475,34,Male,35428.35,2018-05-19,True,Dedicated
476,Paul_476,25,Female,90041.86,2017-01-31,False,Creative
477,Paul_477,31,Male,90285.02,2019-05-29,False,Needs Improvement
478,Rachel_478,30,Male,84321.65,2022-12-14,False,Hardworking
479,Bob_479,45,Male,68189.99,2023-09-05,True,Fast Learner
480,Eve_480,34,Male,35428.35,2018-05-19,True,Dedicated
481,Paul_481,25,Female,90041.86,2017-01-31,False,Creative
482,Paul_482,31,Male,90285.02,2019-05-29,False,Needs Improvement
483,Rachel_483,30,Male,84321.65,2022-12-14,False,Hardworking
484,Bob_484,45,Male,68189.99,2023-09-05,True,Fast Learner
485,Eve_485,34,Male,35428.35,2018-05-19,True,Dedicated
486,Paul_486,25,Female,90041.86,2017-01-31,False,Creative
487,Paul_487,31,Male,90285.02,2019-05-29,False,Needs Improvement
488,Rachel_488,30,Male,84321.65,2022-12-14,False,Hardworking
489,Bob_489,45,Male,68189.99,2023-09-05,True,Fast Learner
490,Eve_490,34,Male,35428.35,2018-05-19,True,Dedicated
491,Paul_491,25,Female,90041.86,2017-01-31,False,Creative
492,Paul_492,31,Male,90285.02,2019-05-29,False,Needs Improvement
493,Rachel_493,30,Male,84321.65,2022-12-14,False,Hardworking
494,Bob_494,45,Male,68189.99,2023-09-05,True,Fast Learner
495,Eve_495,34,Male,35428.35,2018-05-19,True,Dedicated
496,Paul_496,25,Female,90041.86,2017-01-31,False,Creative
497,Paul_497,31,Male,90285.02,2019-05-29,False,Needs Improvement
498,Rachel_498,30,Male,84321.65,2022-12-14,False,Hardworking
499,Bob_499,45,Male,68189.99,2023-09-05,True,Fast Learner
500,Eve_500,34,Male,35428.35,2018-05-19,True,Dedicated
501,Paul_501,25,Female,90041.86,2017-01-31,False,Creative
502,Paul_502,31,Male,90285.02,2019-05-29,False,Needs Improvement
503,Rachel_503,30,Male,84321.65,2022-12-14,False,Hardworking
504,Bob_504,45,Male,68189.99,2023-09-05,True,Fast Learner
505,Eve_505,34,Male,35428.35,2018-05-19,True,Dedicated
506,Paul_506,25,Female,90041.86,2017-01-31,False,Creative
507,Paul_507,31,Male,90285.02,2019-05-29,False,Needs Improvement
508,Rachel_508,30,Male,84321.65,2022-12-14,False,Hardworking
509,Bob_509,45,Male,68189.99,2023-09-05,True,Fast Learner
510,Eve_510,34,Male,35428.35,2018-05-19,True,Dedicated
511,Paul_511,25,Female,90041.86,2017-01-31,False,Creative
512,Paul_512,31,Male,90285.02,2019-05-29,False,Needs Improvement
513,Rachel_513,30,Male,84321.65,2022-12-14,False,Hardworking
514,Bob_514,45,Male,68189.99,2023-09-05,True,Fast Learner
515,Eve_515,34,Male,35428.35,2018-05-19,True,Dedicated
516,Paul_516,25,Female,90041.86,2017-01-31,False,Creative
517,Paul_517,31,Male,90285.02,2019-05-29,False,Needs Improvement
518,Rachel_518,30,Male,84321.65,2022-12-14,False,Hardworking
519,Bob_519,45,Male,68189.99,2023-09-05,True,Fast Learner
520,Eve_520,34,Male,35428.35,2018-05-19,True,Dedicated
521,Paul_521,25,Female,90041.86,2017-01-31,False,Creative
522,Paul_522,31,Male,90285.02,2019-05-29,False,Needs Improvement
523,Rachel_523,30,Male,84321.65,2022-12-14,False,Hardworking
524,Bob_524,45,Male,68189.99,2023-09-05,True,Fast Learner
525,Eve_525,34,Male,35428.35,2018-05-19,True,Dedicated
526,Paul_526,25,Female,90041.86,2017-01-31,False,Creative
527,Paul_527,31,Male,90285.02,2019-05-29,False,Needs Improvement
528,Rachel_528,30,Male,84321.65,2022-12-14,False,Hardworking
529,Bob_529,45,Male,68189.99,2023-09-05,True,Fast Learner
530,Eve_530,34,Male,35428.35,2018-05-19,True,Dedicated
531,Paul_531,25,Female,90041.86,2017-01-31,False,Creative
532,Paul_532,31,Male,90285.02,2019-05-29,False,Needs Improvement
533,Rachel_533,30,Male,84321.65,2022-12-14,False,Hardworking
534,Bob_534,45,Male,68189.99,2023-09-05,True,Fast Learner
535,Eve_535,34,Male,35428.35,2018-05-19,True,Dedicated
536,Paul_536,25,Female,90041.86,2017-01-31,False,Creative
537,Paul_537,31,Male,90285.02,2019-05-29,False,Needs Improvement
538,Rachel_538,30,Male,84321.65,2022-12-14,False,Hardworking
539,Bob_539,45,Male,68189.99,2023-09-05,True,Fast Learner
540,Eve_540,34,Male,35428.35,2018-05-19,True,Dedicated
541,Paul_541,25,Female,90041.86,2017-01-31,False,Creative
542,Paul_542,31,Male,90285.02,2019-05-29,False,Needs Improvement
543,Rachel_543,30,Male,84321.65,2022-12-14,False,Hardworking
544,Bob_544,45,Male,68189.99,2023-09-05,True,Fast Learner
545,Eve_545,34,Male,35428.35,2018-05-19,True,Dedicated
546,Paul_546,25,Female,90041.86,2017-01-31,False,Creative
547,Paul_547,31,Male,90285.02,2019-05-29,False,Needs Improvement
548,Rachel_548,30,Male,84321.65,2022-12-14,False,Hardworking
549,Bob_549,45,Male,68189.99,2023-09-05,True,Fast Learner
550,Eve_550,34,Male,35428.35,2018-05-19,True,Dedicated
551,Paul_551,25,Female,90041.86,2017-01-31,False,Creative
552,Paul_552,31,Male,90285.02,2019-05-29,False,Needs Improvement
553,Rachel_553,30,Male,84321.65,2022-12-14,False,Hardworking
554,Bob_554,45,Male,68189.99,2023-09-05,True,Fast Learner
555,Eve_555,34,Male,35428.35,2018-05-19,True,Dedicated
556,Paul_556,25,Female,90041.86,2017-01-31,False,Creative
557,Paul_557,31,Male,90285.02,2019-05-29,False,Needs Improvement
558,Rachel_558,30,Male,84321.65,2022-12-14,False,Hardworking
559,Bob_559,45,Male,68189.99,2023-09-05,True,Fast Learner
560,Eve_560,34,Male,35428.35,2018-05-19,True,Dedicated
561,Paul_561,25,Female,90041.86,2017-01-31,False,Creative
562,Paul_562,31,Male,90285.02,2019-05-29,False,Needs Improvement
563,Rachel_563,30,Male,84321.65,2022-12-14,False,Hardworking
564,Bob_564,45,Male,68189.99,2023-09-05,True,Fast Learner
565,Eve_565,34,Male,35428.35,2018-05-19,True,Dedicated
566,Paul_566,25,Female,90041.86,2017-01-31,False,Creative
567,Paul_567,31,Male,90285.02,2019-05-29,False,Needs Improvement
568,Rachel_568,30,Male,84321.65,2022-12-14,False,Hardworking
569,Bob_569,45,Male,68189.99,2023-09-05,True,Fast Learner
570,Eve_570,34,Male,35428.35,2018-05-19,True,Dedicated
571,Paul_571,25,Female,90041.86,2017-01-31,False,Creative
572,Paul_572,31,Male,90285.02,2019-05-29,False,Needs Improvement
573,Rachel_573,30,Male,84321.65,2022-12-14,False,Hardworking
574,Bob_574,45,Male,68189.99,2023-09-05,True,Fast Learner
575,Eve_575,34,Male,35428.35,2018-05-19,True,Dedicated
576,Paul_576,25,Female,90041.86,2017-01-31,False,Creative
577,Paul_577,31,Male,90285.02,2019-05-29,False,Needs Improvement
578,Rachel_578,30,Male,84321.65,2022-12-14,False,Hardworking
579,Bob_579,45,Male,68189.99,2023-09-05,True,Fast Learner
580,Eve_580,34,Male,35428.35,2018-05-19,True,Dedicated
581,Paul_581,25,Female,90041.86,2017-01-31,False,Creative
582,Paul_582,31,Male,90285.02,2019-05-29,False,Needs Improvement
583,Rachel_583,30,Male,84321.65,2022-12-14,False,Hardworking
584,Bob_584,45,Male,68189.99,2023-09-05,True,Fast Learner
585,Eve_585,34,Male,35428.35,2018-05-19,True,Dedicated
586,Paul_586,25,Female,90041.86,2017-01-31,False,Creative
587,Paul_587,31,Male,90285.02,2019-05-29,False,Needs Improvement
588,Rachel_588,30,Male,84321.65,2022-12-14,False,Hardworking
589,Bob_589,45,Male,68189.99,2023-09-05,True,Fast Learner
590,Eve_590,34,Male,35428.35,2018-05-19,True,Dedicated
591,Paul_591,25,Female,90041.86,2017-01-31,False,Creative
592,Paul_592,31,Male,90285.02,2019-05-29,False,Needs Improvement
593,Rachel_593,30,Male,84321.65,2022-12-14,False,Hardworking
594,Bob_594,45,Male,68189.99,2023-09-05,True,Fast Learner
595,Eve_595,34,Male,35428.35,2018-05-19,True,Dedicated
596,Paul_596,25,Female,90041.86,2017-01-31,False,Creative
597,Paul_597,31,Male,90285.02,2019-05-29,False,Needs Improvement
598,Rachel_598,30,Male,84321.65,2022-12-14,False,Hardworking
599,Bob_599,45,Male,68189.99,2023-09-05,True,Fast Learner
600,Eve_600,34,Male,35428.35,2018-05-19,True,Dedicated
601,Paul_601,25,Female,90041.86,2017-01-31,False,Creative
602,Paul_602,31,Male,90285.02,2019-05-29,False,Needs Improvement
603,Rachel_603,30,Male,84321.65,2022-12-14,False,Hardworking
604,Bob_604,45,Male,68189.99,2023-09-05,True,Fast Learner
605,Eve_605,34,Male,35428.35,2018-05-19,True,Dedicated
606,Paul_606,25,Female,90041.86,2017-01-31,False,Creative
607,Paul_607,31,Male,90285.02,2019-05-29,False,Needs Improvement
608,Rachel_608,30,Male,84321.65,2022-12-14,False,Hardworking
609,Bob_609,45,Male,68189.99,2023-09-05,True,Fast Learner
610,Eve_610,34,Male,35428.35,2018-05-19,True,Dedicated
611,Paul_611,25,Female,90041.86,2017-01-31,False,Creative
612,Paul_612,31,Male,90285.02,2019-05-29,False,Needs Improvement
613,Rachel_613,30,Male,84321.65,2022-12-14,False,Hardworking
614,Bob_614,45,Male,68189.99,2023-09-05,True,Fast Learner
615,Eve_615,34,Male,35428.35,2018-05-19,True,Dedicated
616,Paul_616,25,Female,90041.86,2017-01-31,False,Creative
617,Paul_617,31,Male,90285.02,2019-05-29,False,Needs Improvement
618,Rachel_618,30,Male,84321.65,2022-12-14,False,Hardworking
619,Bob_619,45,Male,68189.99,2023-09-05,True,Fast Learner
620,Eve_620,34,Male,35428.35,2018-05-19,True,Dedicated
621,Paul_621,25,Female,90041.86,2017-01-31,False,Creative
622,Paul_622,31,Male,90285.02,2019-05-29,False,Needs Improvement
623,Rachel_623,30,Male,84321.65,2022-12-14,False,Hardworking
624,Bob_624,45,Male,68189.99,2023-09-05,True,Fast Learner
625,Eve_625,34,Male,35428.35,2018-05-19,True,Dedicated
626,Paul_626,25,Female,90041.86,2017-01-31,False,Creative
627,Paul_627,31,Male,90285.02,2019-05-29,False,Needs Improvement
628,Rachel_628,30,Male,84321.65,2022-12-14,False,Hardworking
629,Bob_629,45,Male,68189.99,2023-09-05,True,Fast Learner
630,Eve_630,34,Male,35428.35,2018-05-19,True,Dedicated
631,Paul_631,25,Female,90041.86,2017-01-31,False,Creative
632,Paul_632,31,Male,90285.02,2019-05-29,False,Needs Improvement
633,Rachel_633,30,Male,84321.65,2022-12-14,False,Hardworking
634,Bob_634,45,Male,68189.99,2023-09-05,True,Fast Learner
635,Eve_635,34,Male,35428.35,2018-05-19,True,Dedicated
636,Paul_636,25,Female,90041.86,2017-01-31,False,Creative
637,Paul_637,31,Male,90285.02,2019-05-29,False,Needs Improvement
638,Rachel_638,30,Male,84321.65,2022-12-14,False,Hardworking
639,Bob_639,45,Male,68189.99,2023-09-05,True,Fast Learner
640,Eve_640,34,Male,35428.35,2018-05-19,True,Dedicated
641,Paul_641,25,Female,90041.86,2017-01-31,False,Creative
642,Paul_642,31,Male,90285.02,2019-05-29,False,Needs Improvement
643,Rachel_643,30,Male,84321.65,2022-12-14,False,Hardworking
644,Bob_644,45,Male,68189.99,2023-09-05,True,Fast Learner
645,Eve_645,34,Male,35428.35,2018-05-19,True,Dedicated
646,Paul_646,25,Female,90041.86,2017-01-31,False,Creative
647,Paul_647,31,Male,90285.02,2019-05-29,False,Needs Improvement
648,Rachel_648,30,Male,84321.65,2022-12-14,False,Hardworking
649,Bob_649,45,Male,68189.99,2023-09-05,True,Fast Learner
650,Eve_650,34,Male,35428.35,2018-05-19,True,Dedicated
651,Paul_651,25,Female,90041.86,2017-01-31,False,Creative
652,Paul_652,31,Male,90285.02,2019-05-29,False,Needs Improvement
653,Rachel_653,30,Male,84321.65,2022-12-14,False,Hardworking
654,Bob_654,45,Male,68189.99,2023-09-05,True,Fast Learner
655,Eve_655,34,Male,35428.35,2018-05-19,True,Dedicated
656,Paul_656,25,Female,90041.86,2017-01-31,False,Creative
657,Paul_657,31,Male,90285.02,2019-05-29,False,Needs Improvement
658,Rachel_658,30,Male,84321.65,2022-12-14,False,Hardworking
659,Bob_659,45,Male,68189.99,2023-09-05,True,Fast Learner
660,Eve_660,34,Male,35428.35,2018-05-19,True,Dedicated
661,Paul_661,25,Female,90041.86,2017-01-31,False,Creative
662,Paul_662,31,Male,90285.02,2019-05-29,False,Needs Improvement
663,Rachel_663,30,Male,84321.65,2022-12-14,False,Hardworking
664,Bob_664,45,Male,68189.99,2023-09-05,True,Fast Learner
665,Eve_665,34,Male,35428.35,2018-05-19,True,Dedicated
666,Paul_666,25,Female,90041.86,2017-01-31,False,Creative
667,Paul_667,31,Male,90285.02,2019-05-29,False,Needs Improvement
668,Rachel_668,30,Male,84321.65,2022-12-14,False,Hardworking
669,Bob_669,45,Male,68189.99,2023-09-05,True,Fast Learner
670,Eve_670,34,Male,35428.35,2018-05-19,True,Dedicated
671,Paul_671,25,Female,90041.86,2017-01-31,False,Creative
672,Paul_672,31,Male,90285.02,2019-05-29,False,Needs Improvement
673,Rachel_673,30,Male,84321.65,2022-12-14,False,Hardworking
674,Bob_674,45,Male,68189.99,2023-09-05,True,Fast Learner
675,Eve_675,34,Male,35428.35,2018-05-19,True,Dedicated
676,Paul_676,25,Female,90041.86,2017-01-31,False,Creative
677,Paul_677,31,Male,90285.02,2019-05-29,False,Needs Improvement
678,Rachel_678,30,Male,84321.65,2022-12-14,False,Hardworking
679,Bob_679,45,Male,68189.99,2023-09-05,True,Fast Learner
680,Eve_680,34,Male,35428.35,2018-05-19,True,Dedicated
681,Paul_681,25,Female,90041.86,2017-01-31,False,Creative
682,Paul_682,31,Male,90285.02,2019-05-29,False,Needs Improvement
683,Rachel_683,30,Male,84321.65,2022-12-14,False,Hardworking
684,Bob_684,45,Male,68189.99,2023-09-05,True,Fast Learner
685,Eve_685,34,Male,35428.35,2018-05-19,True,Dedicated
686,Paul_686,25,Female,90041.86,2017-01-31,False,Creative
687,Paul_687,31,Male,90285.02,2019-05-29,False,Needs Improvement
688,Rachel_688,30,Male,84321.65,2022-12-14,False,Hardworking
689,Bob_689,45,Male,68189.99,2023-09-05,True,Fast Learner
690,Eve_690,34,Male,35428.35,2018-05-19,True,Dedicated
691,Paul_691,25,Female,90041.86,2017-01-31,False,Creative
692,Paul_692,31,Male,90285.02,2019-05-29,False,Needs Improvement
693,Rachel_693,30,Male,84321.65,2022-12-14,False,Hardworking
694,Bob_694,45,Male,68189.99,2023-09-05,True,Fast Learner
695,Eve_695,34,Male,35428.35,2018-05-19,True,Dedicated
696,Paul_696,25,Female,90041.86,2017-01-31,False,Creative
697,Paul_697,31,Male,90285.02,2019-05-29,False,Needs Improvement
698,Rachel_698,30,Male,84321.65,2022-12-14,False,Hardworking
699,Bob_699,45,Male,68189.99,2023-09-05,True,Fast Learner
700,Eve_700,34,Male,35428.35,2018-05-19,True,Dedicated
701,Paul_701,25,Female,90041.86,2017-01-31,False,Creative
702,Paul_702,31,Male,90285.02,2019-05-29,False,Needs Improvement
703,Rachel_703,30,Male,84321.65,2022-12-14,False,Hardworking
704,Bob_704,45,Male,68189.99,2023-09-05,True,Fast Learner
705,Eve_705,34,Male,35428.35,2018-05-19,True,Dedicated
706,Paul_706,25,Female,90041.86,2017-01-31,False,Creative
707,Paul_707,31,Male,90285.02,2019-05-29,False,Needs Improvement
708,Rachel_708,30,Male,84321.65,2022-12-14,False,Hardworking
709,Bob_709,45,Male,68189.99,2023-09-05,True,Fast Learner
710,Eve_710,34,Male,35428.35,2018-05-19,True,Dedicated
711,Paul_711,25,Female,90041.86,2017-01-31,False,Creative
712,Paul_712,31,Male,90285.02,2019-05-29,False,Needs Improvement
713,Rachel_713,30,Male,84321.65,2022-12-14,False,Hardworking
714,Bob_714,45,Male,68189.99,2023-09-05,True,Fast Learner
715,Eve_715,34,Male,35428.35,2018-05-19,True,Dedicated
716,Paul_716,25,Female,90041.86,2017-01-31,False,Creative
717,Paul_717,31,Male,90285.02,2019-05-29,False,Needs Improvement
718,Rachel_718,30,Male,84321.65,2022-12-14,False,Hardworking
719,Bob_719,45,Male,68189.99,2023-09-05,True,Fast Learner
720,Eve_720,34,Male,35428.35,2018-05-19,True,Dedicated
721,Paul_721,25,Female,90041.86,2017-01-31,False,Creative
722,Paul_722,31,Male,90285.02,2019-05-29,False,Needs Improvement
723,Rachel_723,30,Male,84321.65,2022-12-14,False,Hardworking
724,Bob_724,45,Male,68189.99,2023-09-05,True,Fast Learner
725,Eve_725,34,Male,35428.35,2018-05-19,True,Dedicated
726,Paul_726,25,Female,90041.86,2017-01-31,False,Creative
727,Paul_727,31,Male,90285.02,2019-05-29,False,Needs Improvement
728,Rachel_728,30,Male,84321.65,2022-12-14,False,Hardworking
729,Bob_729,45,Male,68189.99,2023-09-05,True,Fast Learner
730,Eve_730,34,Male,35428.35,2018-05-19,True,Dedicated
731,Paul_731,25,Female,90041.86,2017-01-31,False,Creative
732,Paul_732,31,Male,90285.02,2019-05-29,False,Needs Improvement
733,Rachel_733,30,Male,84321.65,2022-12-14,False,Hardworking
734,Bob_734,45,Male,68189.99,2023-09-05,True,Fast Learner
735,Eve_735,34,Male,35428.35,2018-05-19,True,Dedicated
736,Paul_736,25,Female,90041.86,2017-01-31,False,Creative
737,Paul_737,31,Male,90285.02,2019-05-29,False,Needs Improvement
738,Rachel_738,30,Male,84321.65,2022-12-14,False,Hardworking
739,Bob_739,45,Male,68189.99,2023-09-05,True,Fast Learner
740,Eve_740,34,Male,35428.35,2018-05-19,True,Dedicated
741,Paul_741,25,Female,90041.86,2017-01-31,False,Creative
742,Paul_742,31,Male,90285.02,2019-05-29,False,Needs Improvement
743,Rachel_743,30,Male,84321.65,2022-12-14,False,Hardworking
744,Bob_744,45,Male,68189.99,2023-09-05,True,Fast Learner
745,Eve_745,34,Male,35428.35,2018-05-19,True,Dedicated
746,Paul_746,25,Female,90041.86,2017-01-31,False,Creative
747,Paul_747,31,Male,90285.02,2019-05-29,False,Needs Improvement
748,Rachel_748,30,Male,84321.65,2022-12-14,False,Hardworking
749,Bob_749,45,Male,68189.99,2023-09-05,True,Fast Learner
750,Eve_750,34,Male,35428.35,2018-05-19,True,Dedicated
751,Paul_751,25,Female,90041.86,2017-01-31,False,Creative
752,Paul_752,31,Male,90285.02,2019-05-29,False,Needs Improvement
753,Rachel_753,30,Male,84321.65,2022-12-14,False,Hardworking
754,Bob_754,45,Male,68189.99,2023-09-05,True,Fast Learner
755,Eve_755,34,Male,35428.35,2018-05-19,True,Dedicated
756,Paul_756,25,Female,90041.86,2017-01-31,False,Creative
757,Paul_757,31,Male,90285.02,2019-05-29,False,Needs Improvement
758,Rachel_758,30,Male,84321.65,2022-12-14,False,Hardworking
759,Bob_759,45,Male,68189.99,2023-09-05,True,Fast Learner
760,Eve_760,34,Male,35428.35,2018-05-19,True,Dedicated
761,Paul_761,25,Female,90041.86,2017-01-31,False,Creative
762,Paul_762,31,Male,90285.02,2019-05-29,False,Needs Improvement
763,Rachel_763,30,Male,84321.65,2022-12-14,False,Hardworking
764,Bob_764,45,Male,68189.99,2023-09-05,True,Fast Learner
765,Eve_765,34,Male,35428.35,2018-05-19,True,Dedicated
766,Paul_766,25,Female,90041.86,2017-01-31,False,Creative
767,Paul_767,31,Male,90285.02,2019-05-29,False,Needs Improvement
768,Rachel_768,30,Male,84321.65,2022-12-14,False,Hardworking
769,Bob_769,45,Male,68189.99,2023-09-05,True,Fast Learner
770,Eve_770,34,Male,35428.35,2018-05-19,True,Dedicated
771,Paul_771,25,Female,90041.86,2017-01-31,False,Creative
772,Paul_772,31,Male,90285.02,2019-05-29,False,Needs Improvement
773,Rachel_773,30,Male,84321.65,2022-12-14,False,Hardworking
774,Bob_774,45,Male,68189.99,2023-09-05,True,Fast Learner
775,Eve_775,34,Male,35428.35,2018-05-19,True,Dedicated
776,Paul_776,25,Female,90041.86,2017-01-31,False,Creative
777,Paul_777,31,Male,90285.02,2019-05-29,False,Needs Improvement
778,Rachel_778,30,Male,84321.65,2022-12-14,False,Hardworking
779,Bob_779,45,Male,68189.99,2023-09-05,True,Fast Learner
780,Eve_780,34,Male,35428.35,2018-05-19,True,Dedicated
781,Paul_781,25,Female,90041.86,2017-01-31,False,Creative
782,Paul_782,31,Male,90285.02,2019-05-29,False,Needs Improvement
783,Rachel_783,30,Male,84321.65,2022-12-14,False,Hardworking
784,Bob_784,45,Male,68189.99,2023-09-05,True,Fast Learner
785,Eve_785,34,Male,35428.35,2018-05-19,True,Dedicated
786,Paul_786,25,Female,90041.86,2017-01-31,False,Creative
787,Paul_787,31,Male,90285.02,2019-05-29,False,Needs Improvement
788,Rachel_788,30,Male,84321.65,2022-12-14,False,Hardworking
789,Bob_789,45,Male,68189.99,2023-09-05,True,Fast Learner
790,Eve_790,34,Male,35428.35,2018-05-19,True,Dedicated
791,Paul_791,25,Female,90041.86,2017-01-31,False,Creative
792,Paul_792,31,Male,90285.02,2019-05-29,False,Needs Improvement
793,Rachel_793,30,Male,84321.65,2022-12-14,False,Hardworking
794,Bob_794,45,Male,68189.99,2023-09-05,True,Fast Learner
795,Eve_795,34,Male,35428.35,2018-05-19,True,Dedicated
796,Paul_796,25,Female,90041.86,2017-01-31,False,Creative
797,Paul_797,31,Male,90285.02,2019-05-29,False,Needs Improvement
798,Rachel_798,30,Male,84321.65,2022-12-14,False,Hardworking
799,Bob_799,45,Male,68189.99,2023-09-05,True,Fast Learner
800,Eve_800,34,Male,35428.35,2018-05-19,True,Dedicated
801,Paul_801,25,Female,90041.86,2017-01-31,False,Creative
802,Paul_802,31,Male,90285.02,2019-05-29,False,Needs Improvement
803,Rachel_803,30,Male,84321.65,2022-12-14,False,Hardworking
804,Bob_804,45,Male,68189.99,2023-09-05,True,Fast Learner
805,Eve_805,34,Male,35428.35,2018-05-19,True,Dedicated
806,Paul_806,25,Female,90041.86,2017-01-31,False,Creative
807,Paul_807,31,Male,90285.02,2019-05-29,False,Needs Improvement
808,Rachel_808,30,Male,84321.65,2022-12-14,False,Hardworking
809,Bob_809,45,Male,68189.99,2023-09-05,True,Fast Learner
810,Eve_810,34,Male,35428.35,2018-05-19,True,Dedicated
811,Paul_811,25,Female,90041.86,2017-01-31,False,Creative
812,Paul_812,31,Male,90285.02,2019-05-29,False,Needs Improvement
813,Rachel_813,30,Male,84321.65,2022-12-14,False,Hardworking
814,Bob_814,45,Male,68189.99,2023-09-05,True,Fast Learner
815,Eve_815,34,Male,35428.35,2018-05-19,True,Dedicated
816,Paul_816,25,Female,90041.86,2017-01-31,False,Creative
817,Paul_817,31,Male,90285.02,2019-05-29,False,Needs Improvement
818,Rachel_818,30,Male,84321.65,2022-12-14,False,Hardworking
819,Bob_819,45,Male,68189.99,2023-09-05,True,Fast Learner
820,Eve_820,34,Male,35428.35,2018-05-19,True,Dedicated
821,Paul_821,25,Female,90041.86,2017-01-31,False,Creative
822,Paul_822,31,Male,90285.02,2019-05-29,False,Needs Improvement
823,Rachel_823,30,Male,84321.65,2022-12-14,False,Hardworking
824,Bob_824,45,Male,68189.99,2023-09-05,True,Fast Learner
825,Eve_825,34,Male,35428.35,2018-05-19,True,Dedicated
826,Paul_826,25,Female,90041.86,2017-01-31,False,Creative
827,Paul_827,31,Male,90285.02,2019-05-29,False,Needs Improvement
828,Rachel_828,30,Male,84321.65,2022-12-14,False,Hardworking
829,Bob_829,45,Male,68189.99,2023-09-05,True,Fast Learner
830,Eve_830,34,Male,35428.35,2018-05-19,True,Dedicated
831,Paul_831,25,Female,90041.86,2017-01-31,False,Creative
832,Paul_832,31,Male,90285.02,2019-05-29,False,Needs Improvement
833,Rachel_833,30,Male,84321.65,2022-12-14,False,Hardworking
834,Bob_834,45,Male,68189.99,2023-09-05,True,Fast Learner
835,Eve_835,34,Male,35428.35,2018-05-19,True,Dedicated
836,Paul_836,25,Female,90041.86,2017-01-31,False,Creative
837,Paul_837,31,Male,90285.02,2019-05-29,False,Needs Improvement
838,Rachel_838,30,Male,84321.65,2022-12-14,False,Hardworking
839,Bob_839,45,Male,68189.99,2023-09-05,True,Fast Learner
840,Eve_840,34,Male,35428.35,2018-05-19,True,Dedicated
841,Paul_841,25,Female,90041.86,2017-01-31,False,Creative
842,Paul_842,31,Male,90285.02,2019-05-29,False,Needs Improvement
843,Rachel_843,30,Male,84321.65,2022-12-14,False,Hardworking
844,Bob_844,45,Male,68189.99,2023-09-05,True,Fast Learner
845,Eve_845,34,Male,35428.35,2018-05-19,True,Dedicated
846,Paul_846,25,Female,90041.86,2017-01-31,False,Creative
847,Paul_847,31,Male,90285.02,2019-05-29,False,Needs Improvement
848,Rachel_848,30,Male,84321.65,2022-12-14,False,Hardworking
849,Bob_849,45,Male,68189.99,2023-09-05,True,Fast Learner
850,Eve_850,34,Male,35428.35,2018-05-19,True,Dedicated
851,Paul_851,25,Female,90041.86,2017-01-31,False,Creative
852,Paul_852,31,Male,90285.02,2019-05-29,False,Needs Improvement
853,Rachel_853,30,Male,84321.65,2022-12-14,False,Hardworking
854,Bob_854,45,Male,68189.99,2023-09-05,True,Fast Learner
855,Eve_855,34,Male,35428.35,2018-05-19,True,Dedicated
856,Paul_856,25,Female,90041.86,2017-01-31,False,Creative
857,Paul_857,31,Male,90285.02,2019-05-29,False,Needs Improvement
858,Rachel_858,30,Male,84321.65,2022-12-14,False,Hardworking
859,Bob_859,45,Male,68189.99,2023-09-05,True,Fast Learner
860,Eve_860,34,Male,35428.35,2018-05-19,True,Dedicated
861,Paul_861,25,Female,90041.86,2017-01-31,False,Creative
862,Paul_862,31,Male,90285.02,2019-05-29,False,Needs Improvement
863,Rachel_863,30,Male,84321.65,2022-12-14,False,Hardworking
864,Bob_864,45,Male,68189.99,2023-09-05,True,Fast Learner
865,Eve_865,34,Male,35428.35,2018-05-19,True,Dedicated
866,Paul_866,25,Female,90041.86,2017-01-31,False,Creative
867,Paul_867,31,Male,90285.02,2019-05-29,False,Needs Improvement
868,Rachel_868,30,Male,84321.65,2022-12-14,False,Hardworking
869,Bob_869,45,Male,68189.99,2023-09-05,True,Fast Learner
870,Eve_870,34,Male,35428.35,2018-05-19,True,Dedicated
871,Paul_871,25,Female,90041.86,2017-01-31,False,Creative
872,Paul_872,31,Male,90285.02,2019-05-29,False,Needs Improvement
873,Rachel_873,30,Male,84321.65,2022-12-14,False,Hardworking
874,Bob_874,45,Male,68189.99,2023-09-05,True,Fast Learner
875,Eve_875,34,Male,35428.35,2018-05-19,True,Dedicated
876,Paul_876,25,Female,90041.86,2017-01-31,False,Creative
877,Paul_877,31,Male,90285.02,2019-05-29,False,Needs Improvement
878,Rachel_878,30,Male,84321.65,2022-12-14,False,Hardworking
879,Bob_879,45,Male,68189.99,2023-09-05,True,Fast Learner
880,Eve_880,34,Male,35428.35,2018-05-19,True,Dedicated
881,Paul_881,25,Female,90041.86,2017-01-31,False,Creative
882,Paul_882,31,Male,90285.02,2019-05-29,False,Needs Improvement
883,Rachel_883,30,Male,84321.65,2022-12-14,False,Hardworking
884,Bob_884,45,Male,68189.99,2023-09-05,True,Fast Learner
885,Eve_885,34,Male,35428.35,2018-05-19,True,Dedicated
886,Paul_886,25,Female,90041.86,2017-01-31,False,Creative
887,Paul_887,31,Male,90285.02,2019-05-29,False,Needs Improvement
888,Rachel_888,30,Male,84321.65,2022-12-14,False,Hardworking
889,Bob_889,45,Male,68189.99,2023-09-05,True,Fast Learner
890,Eve_890,34,Male,35428.35,2018-05-19,True,Dedicated
891,Paul_891,25,Female,90041.86,2017-01-31,False,Creative
892,Paul_892,31,Male,90285.02,2019-05-29,False,Needs Improvement
893,Rachel_893,30,Male,84321.65,2022-12-14,False,Hardworking
894,Bob_894,45,Male,68189.99,2023-09-05,True,Fast Learner
895,Eve_895,34,Male,35428.35,2018-05-19,True,Dedicated
896,Paul_896,25,Female,90041.86,2017-01-31,False,Creative
897,Paul_897,31,Male,90285.02,2019-05-29,False,Needs Improvement
898,Rachel_898,30,Male,84321.65,2022-12-14,False,Hardworking
899,Bob_899,45,Male,68189.99,2023-09-05,True,Fast Learner
900,Eve_900,34,Male,35428.35,2018-05-19,True,Dedicated
901,Paul_901,25,Female,90041.86,2017-01-31,False,Creative
902,Paul_902,31,Male,90285.02,2019-05-29,False,Needs Improvement
903,Rachel_903,30,Male,84321.65,2022-12-14,False,Hardworking
904,Bob_904,45,Male,68189.99,2023-09-05,True,Fast Learner
905,Eve_905,34,Male,35428.35,2018-05-19,True,Dedicated
906,Paul_906,25,Female,90041.86,2017-01-31,False,Creative
907,Paul_907,31,Male,90285.02,2019-05-29,False,Needs Improvement
908,Rachel_908,30,Male,84321.65,2022-12-14,False,Hardworking
909,Bob_909,45,Male,68189.99,2023-09-05,True,Fast Learner
910,Eve_910,34,Male,35428.35,2018-05-19,True,Dedicated
911,Paul_911,25,Female,90041.86,2017-01-31,False,Creative
912,Paul_912,31,Male,90285.02,2019-05-29,False,Needs Improvement
913,Rachel_913,30,Male,84321.65,2022-12-14,False,Hardworking
914,Bob_914,45,Male,68189.99,2023-09-05,True,Fast Learner
915,Eve_915,34,Male,35428.35,2018-05-19,True,Dedicated
916,Paul_916,25,Female,90041.86,2017-01-31,False,Creative
917,Paul_917,31,Male,90285.02,2019-05-29,False,Needs Improvement
918,Rachel_918,30,Male,84321.65,2022-12-14,False,Hardworking
919,Bob_919,45,Male,68189.99,2023-09-05,True,Fast Learner
920,Eve_920,34,Male,35428.35,2018-05-19,True,Dedicated
921,Paul_921,25,Female,90041.86,2017-01-31,False,Creative
922,Paul_922,31,Male,90285.02,2019-05-29,False,Needs Improvement
923,Rachel_923,30,Male,84321.65,2022-12-14,False,Hardworking
924,Bob_924,45,Male,68189.99,2023-09-05,True,Fast Learner
925,Eve_925,34,Male,35428.35,2018-05-19,True,Dedicated
926,Paul_926,25,Female,90041.86,2017-01-31,False,Creative
927,Paul_927,31,Male,90285.02,2019-05-29,False,Needs Improvement
928,Rachel_928,30,Male,84321.65,2022-12-14,False,Hardworking
929,Bob_929,45,Male,68189.99,2023-09-05,True,Fast Learner
930,Eve_930,34,Male,35428.35,2018-05-19,True,Dedicated
931,Paul_931,25,Female,90041.86,2017-01-31,False,Creative
932,Paul_932,31,Male,90285.02,2019-05-29,False,Needs Improvement
933,Rachel_933,30,Male,84321.65,2022-12-14,False,Hardworking
934,Bob_934,45,Male,68189.99,2023-09-05,True,Fast Learner
935,Eve_935,34,Male,35428.35,2018-05-19,True,Dedicated
936,Paul_936,25,Female,90041.86,2017-01-31,False,Creative
937,Paul_937,31,Male,90285.02,2019-05-29,False,Needs Improvement
938,Rachel_938,30,Male,84321.65,2022-12-14,False,Hardworking
939,Bob_939,45,Male,68189.99,2023-09-05,True,Fast Learner
940,Eve_940,34,Male,35428.35,2018-05-19,True,Dedicated
941,Paul_941,25,Female,90041.86,2017-01-31,False,Creative
942,Paul_942,31,Male,90285.02,2019-05-29,False,Needs Improvement
943,Rachel_943,30,Male,84321.65,2022-12-14,False,Hardworking
944,Bob_944,45,Male,68189.99,2023-09-05,True,Fast Learner
945,Eve_945,34,Male,35428.35,2018-05-19,True,Dedicated
946,Paul_946,25,Female,90041.86,2017-01-31,False,Creative
947,Paul_947,31,Male,90285.02,2019-05-29,False,Needs Improvement
948,Rachel_948,30,Male,84321.65,2022-12-14,False,Hardworking
949,Bob_949,45,Male,68189.99,2023-09-05,True,Fast Learner
950,Eve_950,34,Male,35428.35,2018-05-19,True,Dedicated
951,Paul_951,25,Female,90041.86,2017-01-31,False,Creative
952,Paul_952,31,Male,90285.02,2019-05-29,False,Needs Improvement
953,Rachel_953,30,Male,84321.65,2022-12-14,False,Hardworking
954,Bob_954,45,Male,68189.99,2023-09-05,True,Fast Learner
955,Eve_955,34,Male,35428.35,2018-05-19,True,Dedicated
956,Paul_956,25,Female,90041.86,2017-01-31,False,Creative
957,Paul_957,31,Male,90285.02,2019-05-29,False,Needs Improvement
958,Rachel_958,30,Male,84321.65,2022-12-14,False,Hardworking
959,Bob_959,45,Male,68189.99,2023-09-05,True,Fast Learner
960,Eve_960,34,Male,35428.35,2018-05-19,True,Dedicated
961,Paul_961,25,Female,90041.86,2017-01-31,False,Creative
962,Paul_962,31,Male,90285.02,2019-05-29,False,Needs Improvement
963,Rachel_963,30,Male,84321.65,2022-12-14,False,Hardworking
964,Bob_964,45,Male,68189.99,2023-09-05,True,Fast Learner
965,Eve_965,34,Male,35428.35,2018-05-19,True,Dedicated
966,Paul_966,25,Female,90041.86,2017-01-31,False,Creative
967,Paul_967,31,Male,90285.02,2019-05-29,False,Needs Improvement
968,Rachel_968,30,Male,84321.65,2022-12-14,False,Hardworking
969,Bob_969,45,Male,68189.99,2023-09-05,True,Fast Learner
970,Eve_970,34,Male,35428.35,2018-05-19,True,Dedicated
971,Paul_971,25,Female,90041.86,2017-01-31,False,Creative
972,Paul_972,31,Male,90285.02,2019-05-29,False,Needs Improvement
973,Rachel_973,30,Male,84321.65,2022-12-14,False,Hardworking
974,Bob_974,45,Male,68189.99,2023-09-05,True,Fast Learner
975,Eve_975,34,Male,35428.35,2018-05-19,True,Dedicated
976,Paul_976,25,Female,90041.86,2017-01-31,False,Creative
977,Paul_977,31,Male,90285.02,2019-05-29,False,Needs Improvement
978,Rachel_978,30,Male,84321.65,2022-12-14,False,Hardworking
979,Bob_979,45,Male,68189.99,2023-09-05,True,Fast Learner
980,Eve_980,34,Male,35428.35,2018-05-19,True,Dedicated
981,Paul_981,25,Female,90041.86,2017-01-31,False,Creative
982,Paul_982,31,Male,90285.02,2019-05-29,False,Needs Improvement
983,Rachel_983,30,Male,84321.65,2022-12-14,False,Hardworking
984,Bob_984,45,Male,68189.99,2023-09-05,True,Fast Learner
985,Eve_985,34,Male,35428.35,2018-05-19,True,Dedicated
986,Paul_986,25,Female,90041.86,2017-01-31,False,Creative
987,Paul_987,31,Male,90285.02,2019-05-29,False,Needs Improvement
988,Rachel_988,30,Male,84321.65,2022-12-14,False,Hardworking
989,Bob_989,45,Male,68189.99,2023-09-05,True,Fast Learner
990,Eve_990,34,Male,35428.35,2018-05-19,True,Dedicated
991,Paul_991,25,Female,90041.86,2017-01-31,False,Creative
992,Paul_992,31,Male,90285.02,2019-05-29,False,Needs Improvement
993,Rachel_993,30,Male,84321.65,2022-12-14,False,Hardworking
994,Bob_994,45,Male,68189.99,2023-09-05,True,Fast Learner
995,Eve_995,34,Male,35428.35,2018-05-19,True,Dedicated
996,Paul_996,25,Female,90041.86,2017-01-31,False,Creative
997,Paul_997,31,Male,90285.02,2019-05-29,False,Needs Improvement
998,Rachel_998,30,Male,84321.65,2022-12-14,False,Hardworking
999,Bob_999,45,Male,68189.99,2023-09-05,True,Fast Learner
1000,Eve_1000,34,Male,35428.35,2018-05-19,True,Dedicated
